Cited_App_nbr,in_degree,prio_year_cited,Shannon_Entropy
EP19780300148,3,1977,2.3025850929940455
EP19780100823,6,1977,2.995732273553991
EP19790301145,1,1978,2.0794415416798357
EP19790301142,1,1978,1.945910149055313
EP19790301557,1,1978,1.3862943611198906
EP19780300473,2,1977,1.6094379124341005
EP19790301619,1,1978,1.6094379124341005
EP19790300218,4,1978,1.7917594692280547
EP19780300328,2,1977,1.3862943611198906
EP19790300092,7,1978,2.772588722239781
EP19790300096,1,1978,1.945910149055313
EP19780300203,1,1977,2.3025850929940455
EP19800300119,5,1979,2.639057329615258
EP19780101490,2,1977,1.7917594692280547
EP19780101491,2,1977,1.3862943611198906
EP19790100289,4,1978,2.995732273553991
EP19800300478,3,1979,1.3862943611198906
EP19800300521,1,1979,2.1972245773362196
EP19780101294,2,1978,2.995732273553991
EP19790300256,6,1978,2.3025850929940455
EP19790302564,2,1978,1.3862943611198906
EP19790300084,1,1978,1.0986122886681096
EP19790301284,1,1978,1.0986122886681096
EP19800302659,2,1979,-0.0
EP19780300873,2,1978,2.0794415416798357
EP19790300711,1,1978,-0.0
EP19790300712,1,1978,1.6094379124341005
EP19790301389,1,1978,-0.0
EP19790301608,1,1978,1.6094379124341005
EP19790301646,3,1978,2.0794415416798357
EP19790300598,4,1978,2.639057329615258
EP19790302509,2,1978,1.7917594692280547
EP19800300188,1,1979,1.7917594692280547
EP19780101826,1,1977,1.7917594692280547
EP19790302080,1,1978,1.3862943611198906
EP19780300488,2,1977,1.7917594692280547
EP19780300869,4,1977,2.890371757896165
EP19800303666,1,1979,1.7917594692280547
EP19790301197,7,1978,1.3862943611198906
EP19800300617,7,1979,1.6094379124341005
EP19800303797,3,1979,2.1972245773362196
EP19790301773,9,1978,2.3025850929940455
EP19780300566,3,1977,1.0986122886681096
EP19800300086,1,1979,1.0986122886681096
EP19790301488,1,1978,0.6931471805599453
EP19800304467,10,1979,1.6094379124341005
EP19790302978,22,1978,1.6094379124341005
EP19780300485,6,1977,1.6094379124341005
EP19790301318,1,1978,1.0986122886681096
EP19810300250,1,1980,1.3862943611198906
EP19810300251,1,1980,1.3862943611198906
EP19780300522,2,1977,1.945910149055313
EP19810301324,4,1980,2.9444389791664403
EP19790300190,9,1978,2.995732273553991
EP19810301606,2,1980,1.7917594692280547
EP19800301838,7,1979,2.484906649788001
EP19810301883,1,1980,1.6094379124341005
EP19800810231,1,1979,1.0986122886681096
EP19810301683,5,1980,2.484906649788001
EP19800710008,3,1979,2.0794415416798357
EP19810303000,1,1980,3.2188758248682
EP19800300039,1,1979,1.945910149055313
EP19800300040,1,1979,1.3862943611198906
EP19810303192,1,1980,1.6094379124341005
EP19790300371,4,1978,-0.0
EP19810303534,1,1980,-0.0
EP19790300230,1,1978,1.6094379124341005
EP19800303729,4,1979,2.9444389791664403
EP19800303753,3,1979,1.3862943611198906
EP19810304086,1,1980,1.6094379124341005
EP19790302254,2,1978,1.945910149055313
EP19810304540,13,1980,2.0794415416798357
EP19800304709,1,1980,1.7917594692280547
EP19800300431,2,1979,-0.0
EP19790301671,1,1978,1.3862943611198906
EP19810303270,1,1980,2.3978952727983707
EP19810110553,2,1980,2.639057329615258
EP19800103657,1,1979,2.639057329615258
EP19810305670,2,1980,1.0986122886681096
EP19810306127,1,1980,-0.0
EP19800303101,2,1979,1.945910149055313
EP19820300116,1,1981,1.6094379124341005
EP19780100717,1,1977,1.3862943611198906
EP19820300365,1,1981,1.6094379124341005
EP19810300427,3,1980,2.639057329615258
EP19800302498,1,1979,-0.0
EP19810303256,3,1980,-0.0
EP19820300398,1,1981,1.6094379124341005
EP19790301208,1,1978,1.6094379124341005
EP19820301278,1,1981,2.3025850929940455
EP19820301279,1,1981,2.484906649788001
EP19800303036,1,1979,-0.0
EP19820302274,1,1981,1.6094379124341005
EP19800300522,2,1979,1.3862943611198906
EP19820302335,1,1981,1.6094379124341005
EP19800303890,4,1979,2.564949357461537
EP19820302660,2,1981,0.6931471805599453
EP19810300896,4,1980,2.0794415416798357
EP19810302709,2,1980,2.0794415416798357
EP19810302630,6,1980,2.1972245773362196
EP19800304407,1,1979,2.70805020110221
EP19820302930,2,1981,2.3978952727983707
EP19820303057,3,1981,1.945910149055313
EP19820303310,3,1981,2.833213344056216
EP19790300600,4,1979,0.6931471805599453
EP19820303311,2,1981,2.833213344056216
EP19820303055,1,1981,0.6931471805599453
EP19820303058,1,1981,1.945910149055313
EP19810300538,1,1980,1.7917594692280547
EP19820303313,1,1981,0.6931471805599453
EP19810305836,1,1980,1.945910149055313
EP19820302004,3,1981,2.1972245773362196
EP19810302710,4,1980,2.0794415416798357
EP19800303379,1,1979,1.945910149055313
EP19800302237,1,1979,1.6094379124341005
EP19810300479,1,1980,1.7917594692280547
EP19820304528,2,1981,3.737669618283368
EP19800303328,1,1979,-0.0
EP19810300185,2,1980,1.0986122886681096
EP19810300078,2,1980,2.639057329615258
EP19790301934,8,1978,1.0986122886681096
EP19830302188,2,1982,0.6931471805599453
EP19820304981,1,1981,-0.0
EP19790302445,1,1978,-0.0
EP19810302032,1,1980,1.0986122886681096
EP19820201204,1,1981,1.3862943611198906
EP19810109184,1,1980,-0.0
EP19810301476,1,1980,1.0986122886681096
EP19820109569,1,1981,2.0794415416798357
EP19780101426,3,1977,0.6931471805599453
EP19810303795,2,1980,-0.0
EP19800300565,1,1979,1.945910149055313
EP19780300581,1,1977,1.0986122886681096
EP19810305020,5,1980,2.639057329615258
EP19800301479,1,1979,1.3862943611198906
EP19800303378,1,1979,1.7917594692280547
EP19830300306,1,1982,1.7917594692280547
EP19780100463,1,1977,2.0794415416798357
EP19780101447,2,1977,2.639057329615258
EP19800103031,4,1979,1.3862943611198906
EP19800103032,12,1979,1.6094379124341005
EP19830300255,2,1982,1.6094379124341005
EP19820300443,3,1981,2.3025850929940455
EP19830300822,1,1982,2.890371757896165
EP19830301071,1,1982,1.945910149055313
EP19810305861,2,1980,2.484906649788001
EP19820301104,1,1981,-0.0
EP19790302671,1,1978,-0.0
EP19830301651,3,1982,2.0794415416798357
EP19810302146,4,1980,1.0986122886681096
EP19810303760,3,1980,1.3862943611198906
EP19830301776,1,1982,2.3978952727983707
EP19800303250,1,1979,1.3862943611198906
EP19820301061,1,1981,2.3978952727983707
EP19820302308,1,1981,1.7917594692280547
EP19830302189,10,1982,2.484906649788001
EP19830302450,2,1982,1.6094379124341005
EP19830104668,3,1982,1.7917594692280547
EP19800105411,2,1979,0.6931471805599453
EP19830302059,9,1982,2.1972245773362196
EP19820301322,2,1981,-0.0
EP19780100690,2,1977,2.1972245773362196
EP19830303097,1,1982,2.3978952727983707
EP19810302429,6,1980,1.945910149055313
EP19830303267,1,1982,2.890371757896165
EP19780100395,1,1977,1.0986122886681096
EP19800300900,3,1979,1.6094379124341005
EP19820105989,4,1981,1.6094379124341005
EP19830303553,4,1982,2.1972245773362196
EP19830303983,4,1982,1.0986122886681096
EP19800301927,6,1979,1.7917594692280547
EP19810305206,3,1980,-0.0
EP19830303998,2,1982,3.5835189384561104
EP19780300456,1,1977,0.6931471805599453
EP19780300716,1,1977,0.6931471805599453
EP19820302395,3,1981,1.945910149055313
EP19810305871,1,1980,1.3862943611198906
EP19820302359,1,1981,1.0986122886681096
EP19810107367,1,1980,0.6931471805599453
EP19830304850,1,1982,2.0794415416798357
EP19830306060,4,1982,3.1780538303479453
EP19820400590,2,1981,1.6094379124341005
EP19830306665,1,1982,-0.0
EP19840307432,1,1983,-0.0
EP19840301997,1,1983,2.3025850929940455
EP19830111621,1,1982,-0.0
EP19840308027,1,1983,1.3862943611198906
EP19780300713,1,1977,1.0986122886681096
EP19830307717,2,1982,2.0794415416798357
EP19830307721,1,1982,1.7917594692280547
EP19820303070,1,1981,1.945910149055313
EP19840300003,1,1983,0.6931471805599453
EP19810303373,2,1980,1.3862943611198906
EP19840300336,4,1983,2.0794415416798357
EP19820303821,9,1981,2.1972245773362196
EP19840300339,2,1983,1.6094379124341005
EP19830307334,1,1982,1.3862943611198906
EP19840300338,2,1983,2.0794415416798357
EP19840300397,2,1983,2.3978952727983707
EP19790301731,1,1978,2.70805020110221
EP19820302892,1,1981,2.1972245773362196
EP19820200930,4,1981,1.3862943611198906
EP19840300565,3,1983,3.8918202981106265
EP19830300482,7,1982,2.0794415416798357
EP19810300276,3,1980,1.945910149055313
EP19840102963,2,1983,2.3025850929940455
EP19840301255,1,1983,1.6094379124341005
EP19840301583,1,1983,1.0986122886681096
EP19820303035,2,1981,1.6094379124341005
EP19840104248,2,1983,1.0986122886681096
EP19840104249,2,1983,1.3862943611198906
EP19820109568,1,1981,-0.0
EP19840300991,2,1983,2.564949357461537
EP19830301022,3,1982,3.2188758248682
EP19830301137,1,1982,2.3978952727983707
EP19830302078,1,1982,1.7917594692280547
EP19820305198,1,1981,1.0986122886681096
EP19830302129,1,1982,1.0986122886681096
EP19840104524,5,1983,1.7917594692280547
EP19830302824,9,1982,1.6094379124341005
EP19840105005,2,1983,2.0794415416798357
EP19840105158,3,1983,1.3862943611198906
EP19800303143,1,1979,-0.0
EP19840105070,1,1983,1.3862943611198906
EP19790300811,1,1978,1.3862943611198906
EP19820302977,1,1981,1.6094379124341005
EP19830302025,1,1982,1.6094379124341005
EP19840304545,1,1983,1.945910149055313
EP19810303055,1,1980,2.1972245773362196
EP19800302647,1,1979,1.0986122886681096
EP19850303788,1,1984,2.484906649788001
EP19800303457,1,1979,-0.0
EP19840305045,1,1983,2.1972245773362196
EP19820303154,2,1981,1.945910149055313
EP19820303666,1,1981,1.945910149055313
EP19820303667,1,1981,2.639057329615258
EP19840111684,1,1983,0.6931471805599453
EP19830301660,4,1982,-0.0
EP19820303508,2,1981,-0.0
EP19840110098,2,1983,1.0986122886681096
EP19840201466,1,1983,-0.0
EP19800201031,6,1979,-0.0
EP19840307660,2,1983,1.7917594692280547
EP19830302613,15,1982,2.890371757896165
EP19820304860,1,1981,0.6931471805599453
EP19840308171,1,1983,2.0794415416798357
EP19820306243,1,1981,0.6931471805599453
EP19810303247,1,1980,1.0986122886681096
EP19820201253,1,1981,0.6931471805599453
EP19840307553,2,1983,1.0986122886681096
EP19840307658,2,1983,1.7917594692280547
EP19840402661,1,1983,1.0986122886681096
EP19830401696,4,1982,1.945910149055313
EP19830303758,1,1982,1.0986122886681096
EP19800303992,1,1979,-0.0
EP19800303993,1,1979,-0.0
EP19850100520,2,1984,2.3025850929940455
EP19850100558,2,1984,-0.0
EP19840301320,5,1983,1.0986122886681096
EP19850300802,2,1984,1.945910149055313
EP19840100521,3,1983,1.7917594692280547
EP19850101566,2,1984,1.7917594692280547
EP19850301011,1,1984,1.3862943611198906
EP19840300134,1,1983,0.6931471805599453
EP19850100521,4,1984,2.639057329615258
EP19840104878,2,1983,-0.0
EP19820103147,1,1981,1.0986122886681096
EP19830305177,1,1982,-0.0
EP19860300922,1,1985,3.3322045101752034
EP19840115346,2,1983,2.0794415416798357
EP19850302706,1,1984,1.6094379124341005
EP19840301882,1,1983,2.484906649788001
EP19850302707,2,1984,1.6094379124341005
EP19840200534,2,1983,0.6931471805599453
EP19800304571,1,1979,-0.0
EP19840303517,1,1983,2.564949357461537
EP19820301170,1,1981,-0.0
EP19850107042,1,1984,2.3025850929940455
EP19820303507,3,1981,1.3862943611198906
EP19850303461,1,1984,0.6931471805599453
EP19840307033,2,1983,-0.0
EP19830303244,1,1982,2.1972245773362196
EP19830301856,1,1982,2.70805020110221
EP19800301598,1,1979,0.6931471805599453
EP19850106985,2,1984,2.1972245773362196
EP19850107547,1,1984,1.945910149055313
EP19850108609,1,1984,2.564949357461537
EP19840113014,3,1983,2.1972245773362196
EP19850109984,1,1984,1.3862943611198906
EP19820201367,3,1981,1.6094379124341005
EP19840302566,5,1983,2.1972245773362196
EP19800104300,1,1979,0.6931471805599453
EP19850109350,3,1984,2.3978952727983707
EP19850305930,3,1984,2.70805020110221
EP19850306144,2,1984,2.890371757896165
EP19830303997,1,1982,2.639057329615258
EP19850111067,5,1984,1.7917594692280547
EP19850307450,4,1984,2.9444389791664403
EP19810304835,2,1980,1.3862943611198906
EP19850111354,6,1984,2.0794415416798357
EP19840109539,6,1983,2.484906649788001
EP19850307627,1,1984,1.6094379124341005
EP19840307994,5,1983,-0.0
EP19820303660,1,1981,1.0986122886681096
EP19840303638,1,1983,0.6931471805599453
EP19840112462,1,1983,2.3025850929940455
EP19840306256,1,1983,1.3862943611198906
EP19850307928,2,1984,2.3025850929940455
EP19850307357,1,1984,-0.0
EP19810305551,3,1980,0.6931471805599453
EP19850308516,1,1984,1.3862943611198906
EP19840308459,2,1983,1.0986122886681096
EP19840107989,2,1983,1.0986122886681096
EP19840303421,2,1983,-0.0
EP19820303291,1,1981,-0.0
EP19840308925,3,1983,2.70805020110221
EP19850301602,1,1984,1.0986122886681096
EP19860300059,1,1985,3.295836866004329
EP19830305782,2,1982,3.295836866004329
EP19810302809,1,1980,-0.0
EP19830306633,2,1982,-0.0
EP19860300795,1,1985,1.3862943611198906
EP19830307708,5,1982,1.7917594692280547
EP19850402558,1,1984,1.6094379124341005
EP19810302257,2,1980,1.0986122886681096
EP19830306150,1,1982,2.1972245773362196
EP19860302964,13,1985,3.1780538303479453
EP19860306221,6,1985,1.6094379124341005
EP19860301684,10,1985,2.890371757896165
EP19860303039,12,1985,1.945910149055313
EP19840308981,3,1983,1.945910149055313
EP19840307659,7,1983,1.3862943611198906
EP19860303557,3,1985,-0.0
EP19840306810,2,1983,1.0986122886681096
EP19820305639,2,1981,0.6931471805599453
EP19800304430,3,1979,1.0986122886681096
EP19830307531,1,1982,1.7917594692280547
EP19850101565,3,1984,1.6094379124341005
EP19840113586,1,1983,-0.0
EP19860303827,1,1985,2.3978952727983707
EP19850109351,4,1984,2.484906649788001
EP19860305071,1,1985,2.3978952727983707
EP19840308359,2,1983,-0.0
EP19850300196,3,1984,1.7917594692280547
EP19860305585,1,1985,1.945910149055313
EP19850110076,2,1984,2.3978952727983707
EP19860306064,2,1985,1.7917594692280547
EP19850400219,1,1984,1.6094379124341005
EP19850302896,1,1984,-0.0
EP19860307359,1,1985,-0.0
EP19850302134,1,1984,-0.0
EP19860307976,1,1985,2.890371757896165
EP19850302708,4,1984,-0.0
EP19860304733,2,1985,2.0794415416798357
EP19850115575,1,1978,1.6094379124341005
EP19820109116,1,1978,1.6094379124341005
EP19850303217,2,1984,1.7917594692280547
EP19840306016,1,1983,1.6094379124341005
EP19840307800,1,1983,1.3862943611198906
EP19860307958,3,1985,1.7917594692280547
EP19860305675,3,1985,2.70805020110221
EP19850302854,3,1984,2.70805020110221
EP19850302853,1,1984,2.639057329615258
EP19850305911,1,1984,2.3025850929940455
EP19860309244,2,1985,1.7917594692280547
EP19840308492,3,1983,1.945910149055313
EP19860304831,3,1985,1.3862943611198906
EP19860300423,10,1985,0.6931471805599453
EP19860309207,1,1985,1.945910149055313
EP19850304169,2,1984,-0.0
EP19810300801,2,1980,1.0986122886681096
EP19860307720,7,1985,1.945910149055313
EP19860310011,2,1986,3.401197381662155
EP19870300192,4,1986,1.3862943611198906
EP19850307406,1,1984,0.6931471805599453
EP19860301708,2,1985,1.0986122886681096
EP19850103968,7,1984,-0.0
EP19790300312,1,1978,-0.0
EP19830303034,2,1982,1.0986122886681096
EP19830307719,1,1982,2.9444389791664403
EP19860303225,2,1985,-0.0
EP19870300320,3,1986,2.1972245773362196
EP19870307589,5,1986,2.564949357461537
EP19840304469,1,1983,2.639057329615258
EP19860302173,1,1985,-0.0
EP19810301078,1,1980,0.6931471805599453
EP19850308277,1,1984,-0.0
EP19860309402,2,1985,2.70805020110221
EP19850309218,4,1984,1.6094379124341005
EP19860300598,4,1985,1.7917594692280547
EP19850303280,1,1984,-0.0
EP19820108860,1,1981,1.3862943611198906
EP19850306272,1,1984,-0.0
EP19860300431,1,1985,1.3862943611198906
EP19860309275,1,1985,2.1972245773362196
EP19870310332,3,1986,-0.0
EP19870302296,21,1986,2.833213344056216
EP19870305586,19,1986,1.945910149055313
EP19870302864,1,1986,1.945910149055313
EP19870103041,2,1986,1.945910149055313
EP19870300741,2,1986,1.945910149055313
EP19870302216,12,1986,-0.0
EP19870301770,1,1986,2.772588722239781
EP19860305814,1,1985,2.1972245773362196
EP19870303121,2,1986,1.3862943611198906
EP19830302594,1,1982,-0.0
EP19870304776,2,1986,1.3862943611198906
EP19820103791,1,1982,1.7917594692280547
EP19850303081,1,1984,3.1780538303479453
EP19870303535,3,1986,2.0794415416798357
EP19840115345,5,1983,1.7917594692280547
EP19860302424,1,1985,1.6094379124341005
EP19870303967,2,1986,1.3862943611198906
EP19860306869,3,1985,2.9444389791664403
EP19870305297,1,1986,2.1972245773362196
EP19840301011,2,1983,2.484906649788001
EP19850100447,3,1984,0.6931471805599453
EP19870305732,13,1986,1.6094379124341005
EP19870201286,2,1986,0.6931471805599453
EP19820305029,3,1981,1.6094379124341005
EP19870201287,1,1986,0.6931471805599453
EP19870201288,2,1986,-0.0
EP19870304878,1,1986,1.0986122886681096
EP19820305813,1,1981,3.4657359027997265
EP19870306442,4,1986,2.772588722239781
EP19870306548,1,1986,-0.0
EP19860303828,1,1985,2.3025850929940455
EP19870306545,2,1986,-0.0
EP19810304084,2,1980,1.0986122886681096
EP19850303766,1,1984,1.6094379124341005
EP19870307494,2,1986,1.6094379124341005
EP19870307668,15,1986,1.7917594692280547
EP19860307911,1,1985,1.6094379124341005
EP19850302830,3,1984,1.3862943611198906
EP19860101297,1,1985,0.6931471805599453
EP19870307496,1,1986,0.6931471805599453
EP19870308749,2,1986,1.6094379124341005
EP19870309674,2,1986,2.772588722239781
EP19830303837,1,1982,2.639057329615258
EP19850108610,1,1984,2.1972245773362196
EP19850307890,2,1984,-0.0
EP19850305666,1,1984,-0.0
EP19870310551,1,1986,0.6931471805599453
EP19870310834,1,1986,1.6094379124341005
EP19870310859,4,1986,0.6931471805599453
EP19870310881,1,1986,1.6094379124341005
EP19870301947,1,1986,1.7917594692280547
EP19870311081,1,1986,1.945910149055313
EP19850116284,2,1984,1.6094379124341005
EP19860307569,2,1985,1.7917594692280547
EP19860305462,1,1985,0.6931471805599453
EP19870311078,3,1986,1.3862943611198906
EP19880300522,3,1987,1.7917594692280547
EP19870311082,1,1986,1.3862943611198906
EP19860305674,5,1985,2.1972245773362196
EP19870311315,5,1986,3.044522437723422
EP19850305862,4,1984,2.1972245773362196
EP19870302118,4,1986,1.3862943611198906
EP19870302836,1,1986,0.6931471805599453
EP19850307449,1,1984,2.772588722239781
EP19880307398,1,1987,3.4339872044851463
EP19870310290,2,1986,2.3025850929940455
EP19870311079,1,1986,2.772588722239781
EP19850302882,1,1984,2.484906649788001
EP19830305791,1,1982,3.5835189384561104
EP19860309631,1,1985,1.6094379124341005
EP19850303216,3,1984,2.3978952727983707
EP19840101685,1,1983,-0.0
EP19880302486,2,1987,2.3025850929940455
EP19870302525,12,1986,2.3025850929940455
EP19880301383,1,1987,1.7917594692280547
EP19860300916,3,1985,-0.0
EP19880303157,10,1987,1.7917594692280547
EP19840305102,2,1983,1.3862943611198906
EP19870305585,4,1986,1.6094379124341005
EP19880303803,3,1987,2.639057329615258
EP19880307927,2,1987,2.1972245773362196
EP19880301897,1,1987,2.0794415416798357
EP19880303299,6,1987,2.564949357461537
EP19860309720,1,1985,2.0794415416798357
EP19860309667,6,1985,2.0794415416798357
EP19880305450,2,1987,1.7917594692280547
EP19870300630,2,1986,2.1972245773362196
EP19880305973,1,1987,2.484906649788001
EP19840200180,1,1983,-0.0
EP19840201187,1,1983,1.3862943611198906
EP19880305144,2,1987,1.3862943611198906
EP19860306070,1,1985,1.945910149055313
EP19860306071,1,1985,2.484906649788001
EP19880306388,1,1987,2.3025850929940455
EP19830107252,1,1982,1.0986122886681096
EP19830304196,4,1982,2.9444389791664403
EP19860307981,2,1985,0.6931471805599453
EP19790302706,2,1978,1.3862943611198906
EP19840306976,1,1983,1.0986122886681096
EP19880201842,1,1987,1.0986122886681096
EP19860201428,2,1985,-0.0
EP19880308126,3,1987,2.0794415416798357
EP19870200744,2,1986,2.0794415416798357
EP19880308127,4,1987,2.3978952727983707
EP19880308136,1,1987,1.0986122886681096
EP19880307351,1,1987,1.7917594692280547
EP19870301689,2,1986,1.0986122886681096
EP19870309154,1,1987,1.0986122886681096
EP19880201841,1,1987,0.6931471805599453
EP19860302020,1,1985,2.1972245773362196
EP19880309710,1,1987,1.7917594692280547
EP19880309711,3,1987,1.3862943611198906
EP19880308986,1,1987,2.3978952727983707
EP19880310183,1,1987,1.945910149055313
EP19860305671,3,1985,2.1972245773362196
EP19860305672,1,1985,1.6094379124341005
EP19860305604,1,1985,2.3025850929940455
EP19850300092,1,1984,-0.0
EP19830200047,1,1982,0.6931471805599453
EP19780101346,1,1977,-0.0
EP19860301685,1,1985,-0.0
EP19880202880,1,1987,1.0986122886681096
EP19880310000,17,1987,2.564949357461537
EP19820306680,1,1981,2.639057329615258
EP19880312043,2,1987,3.044522437723422
EP19820301199,1,1981,-0.0
EP19860108111,1,1986,0.6931471805599453
EP19880311802,1,1987,3.3322045101752034
EP19880300279,1,1987,-0.0
EP19890200001,4,1988,2.0794415416798357
EP19840308608,1,1983,1.3862943611198906
EP19870300978,1,1986,2.890371757896165
EP19870303234,2,1986,2.0794415416798357
EP19870306463,2,1986,3.4657359027997265
EP19870302100,1,1986,1.0986122886681096
EP19870306547,1,1986,1.6094379124341005
EP19880303335,1,1987,1.0986122886681096
EP19840104587,2,1983,1.0986122886681096
EP19870300190,1,1986,1.6094379124341005
EP19860305749,6,1985,2.0794415416798357
EP19870302620,55,1986,2.564949357461537
EP19780300740,1,1977,1.0986122886681096
EP19890301334,2,1988,2.564949357461537
EP19830302554,1,1982,1.7917594692280547
EP19870307012,3,1986,1.3862943611198906
EP19840307112,2,1983,1.0986122886681096
EP19840308570,1,1983,2.3025850929940455
EP19890302755,2,1988,3.091042453358315
EP19870311316,4,1986,2.3025850929940455
EP19850308444,1,1984,1.0986122886681096
EP19870302344,2,1986,1.7917594692280547
EP19850307350,1,1984,1.3862943611198906
EP19840305114,1,1983,2.3025850929940455
EP19840307829,2,1983,-0.0
EP19890302158,1,1988,1.6094379124341005
EP19880307148,4,1987,2.70805020110221
EP19890304250,2,1988,1.0986122886681096
EP19860308191,1,1985,1.0986122886681096
EP19870307885,1,1986,1.0986122886681096
EP19860301092,1,1985,0.6931471805599453
EP19890304841,1,1988,2.484906649788001
EP19890304842,1,1988,1.6094379124341005
EP19890304843,1,1988,2.1972245773362196
EP19870310427,1,1986,1.6094379124341005
EP19890305577,2,1988,2.0794415416798357
EP19860306318,2,1985,-0.0
EP19880310094,1,1987,2.0794415416798357
EP19890305563,4,1988,2.1972245773362196
EP19840306715,3,1983,1.0986122886681096
EP19870310749,1,1986,1.6094379124341005
EP19860305297,4,1985,1.7917594692280547
EP19870310951,6,1986,2.1972245773362196
EP19890303757,2,1988,2.772588722239781
EP19880300696,4,1987,0.6931471805599453
EP19890305345,3,1988,2.1972245773362196
EP19820303868,1,1981,-0.0
EP19790101516,1,1978,1.6094379124341005
EP19840301728,1,1983,2.833213344056216
EP19890306278,2,1988,2.3025850929940455
EP19820301193,1,1981,2.0794415416798357
EP19860301895,2,1985,3.526360524616162
EP19880306446,2,1987,2.772588722239781
EP19870303166,2,1986,-0.0
EP19890201621,1,1988,2.484906649788001
EP19850200325,2,1984,2.833213344056216
EP19890306057,1,1988,2.3978952727983707
EP19870302832,1,1986,0.6931471805599453
EP19890307341,2,1988,2.3025850929940455
EP19860308992,1,1985,2.3978952727983707
EP19830300085,1,1982,-0.0
EP19880311252,4,1987,1.6094379124341005
EP19840302079,1,1983,-0.0
EP19850304188,1,1984,-0.0
EP19850305772,1,1984,-0.0
EP19850305773,1,1984,-0.0
EP19860306081,1,1985,-0.0
EP19880307910,16,1987,2.995732273553991
EP19890307920,2,1988,3.367295829986473
EP19840301670,1,1983,1.0986122886681096
EP19840303098,1,1983,2.0794415416798357
EP19850306063,1,1984,2.890371757896165
EP19860301572,1,1985,2.3978952727983707
EP19870311077,2,1986,2.890371757896165
EP19870310289,1,1986,1.7917594692280547
EP19890308064,1,1988,2.0794415416798357
EP19850307352,2,1984,1.3862943611198906
EP19870309315,1,1986,-0.0
EP19890309920,2,1988,2.1972245773362196
EP19850304830,1,1984,1.7917594692280547
EP19820110328,1,1981,0.6931471805599453
EP19840810587,1,1983,-0.0
EP19850307346,1,1984,1.945910149055313
EP19890310406,1,1988,2.3025850929940455
EP19860300143,1,1985,0.6931471805599453
EP19890309172,1,1988,0.6931471805599453
EP19870305656,1,1986,-0.0
EP19860302105,1,1985,-0.0
EP19890311982,1,1988,-0.0
EP19800300940,8,1979,1.7917594692280547
EP19890312986,2,1988,2.564949357461537
EP19890313334,1,1988,2.1972245773362196
EP19890302740,1,1988,2.564949357461537
EP19900101339,1,1989,2.70805020110221
EP19840308360,2,1983,2.3978952727983707
EP19880305337,1,1987,2.1972245773362196
EP19870202560,1,1986,0.6931471805599453
EP19870301336,3,1986,1.6094379124341005
EP19880303432,1,1987,2.639057329615258
EP19890307788,4,1988,2.639057329615258
EP19850810138,1,1984,0.6931471805599453
EP19900200499,1,1989,2.484906649788001
EP19880307142,5,1987,1.7917594692280547
EP19900301703,2,1989,2.1972245773362196
EP19890310496,1,1988,-0.0
EP19870300879,1,1986,1.3862943611198906
EP19900302615,1,1989,1.0986122886681096
EP19870310530,2,1986,1.6094379124341005
EP19890304820,2,1988,1.0986122886681096
EP19860302002,1,1985,1.945910149055313
EP19860300043,1,1985,1.945910149055313
EP19870302287,1,1986,0.6931471805599453
EP19880311927,4,1987,3.295836866004329
EP19880311926,3,1987,2.639057329615258
EP19850307623,1,1984,-0.0
EP19830307034,1,1982,1.0986122886681096
EP19850810218,1,1984,1.3862943611198906
EP19870303049,1,1986,0.6931471805599453
EP19880402166,3,1987,2.0794415416798357
EP19890308759,2,1988,2.0794415416798357
EP19840306437,1,1983,1.3862943611198906
EP19880305284,2,1987,1.945910149055313
EP19890300248,2,1988,1.3862943611198906
EP19880810820,1,1987,-0.0
EP19900304575,4,1989,1.6094379124341005
EP19890308311,1,1988,0.6931471805599453
EP19900305979,1,1989,2.639057329615258
EP19900306563,1,1989,1.945910149055313
EP19900306599,1,1989,1.945910149055313
EP19840308963,2,1983,-0.0
EP19860115859,2,1985,1.6094379124341005
EP19860304998,1,1985,2.3978952727983707
EP19890305551,1,1988,2.639057329615258
EP19880309913,1,1987,-0.0
EP19900306392,1,1989,-0.0
EP19850301291,3,1984,-0.0
EP19880301306,1,1987,-0.0
EP19900307634,1,1989,1.3862943611198906
EP19860308815,1,1985,-0.0
EP19900307820,2,1989,2.0794415416798357
EP19900301125,1,1989,1.6094379124341005
EP19840301027,1,1983,1.7917594692280547
EP19880307718,1,1987,2.0794415416798357
EP19830201054,1,1982,1.3862943611198906
EP19870303135,1,1986,0.6931471805599453
EP19900309028,1,1989,1.945910149055313
EP19870301335,2,1986,1.0986122886681096
EP19810105635,1,1980,1.3862943611198906
EP19890313492,1,1988,2.0794415416798357
EP19900308542,1,1989,0.6931471805599453
EP19880303645,1,1987,1.0986122886681096
EP19900309638,1,1989,1.6094379124341005
EP19890302265,1,1988,1.7917594692280547
EP19890870027,3,1988,0.6931471805599453
EP19830305456,1,1982,1.7917594692280547
EP19890303920,1,1988,1.3862943611198906
EP19900308961,1,1989,1.945910149055313
EP19890302754,1,1988,2.772588722239781
EP19790302390,1,1978,-0.0
EP19900402636,1,1989,1.3862943611198906
EP19900202568,1,1989,2.3978952727983707
EP19880311942,1,1987,1.7917594692280547
EP19850303302,3,1984,2.772588722239781
EP19900310632,1,1989,1.7917594692280547
EP19900870067,1,1989,-0.0
EP19900311194,1,1989,2.890371757896165
EP19900311721,1,1989,2.1972245773362196
EP19870300191,1,1986,-0.0
EP19890200803,1,1988,2.3025850929940455
EP19900123697,1,1989,2.484906649788001
EP19890110717,2,1988,3.526360524616162
EP19860305698,1,1985,-0.0
EP19830303845,1,1982,1.0986122886681096
EP19890306228,1,1988,3.091042453358315
EP19910300553,2,1990,3.1354942159291497
EP19830303423,1,1982,2.3978952727983707
EP19840308240,1,1983,1.6094379124341005
EP19900313384,1,1989,2.3025850929940455
EP19890305910,2,1988,2.70805020110221
EP19830302451,1,1982,-0.0
EP19900202012,1,1989,2.3978952727983707
EP19910302031,1,1990,2.70805020110221
EP19870302323,1,1986,1.7917594692280547
EP19900304027,1,1986,-0.0
EP19870307077,1,1986,-0.0
EP19870301431,1,1986,1.945910149055313
EP19890310994,2,1988,2.995732273553991
EP19900301477,2,1989,1.945910149055313
EP19900306942,1,1989,1.3862943611198906
EP19810106597,1,1980,2.0794415416798357
EP19900307998,2,1989,1.0986122886681096
EP19910201216,1,1990,2.890371757896165
EP19910304757,1,1990,2.890371757896165
EP19910304935,6,1990,2.70805020110221
EP19890312723,3,1988,3.3322045101752034
EP19910304962,1,1990,2.3978952727983707
EP19910304768,1,1990,1.3862943611198906
EP19910200560,1,1990,-0.0
EP19910306115,1,1990,1.6094379124341005
EP19910304604,3,1990,2.0794415416798357
EP19910201723,1,1990,2.1972245773362196
EP19800302726,2,1979,0.6931471805599453
EP19800302727,2,1979,0.6931471805599453
EP19830304203,1,1982,-0.0
EP19840303086,1,1983,0.6931471805599453
EP19840303090,1,1983,0.6931471805599453
EP19890311695,1,1988,-0.0
EP19900201099,1,1989,-0.0
EP19910303868,2,1990,2.639057329615258
EP19910306757,2,1990,1.7917594692280547
EP19900304250,1,1989,3.295836866004329
EP19910302397,1,1990,2.1972245773362196
EP19910309309,1,1990,2.70805020110221
EP19800303156,1,1979,2.564949357461537
EP19880303560,3,1987,3.5835189384561104
EP19900310332,4,1989,2.70805020110221
EP19910311252,2,1990,2.639057329615258
EP19860112386,4,1985,1.7917594692280547
EP19890302753,1,1988,2.3025850929940455
EP19900308729,1,1989,2.1972245773362196
EP19890302331,10,1988,1.0986122886681096
EP19890301117,1,1988,2.484906649788001
EP19900312263,3,1989,1.945910149055313
EP19850308928,1,1984,-0.0
EP19860301197,1,1985,-0.0
EP19860305524,1,1985,-0.0
EP19900305389,3,1989,2.1972245773362196
EP19920303870,1,1991,1.7917594692280547
EP19910308065,2,1990,0.6931471805599453
EP19880202602,1,1987,1.7917594692280547
EP19890202456,1,1988,1.7917594692280547
EP19910301933,1,1990,2.484906649788001
EP19920304409,1,1991,1.3862943611198906
EP19910304665,4,1990,1.945910149055313
EP19880301348,1,1987,1.0986122886681096
EP19920305703,6,1991,1.3862943611198906
EP19900301561,3,1989,2.3025850929940455
EP19860307962,1,1985,1.3862943611198906
EP19900313097,4,1989,2.1972245773362196
EP19900309502,2,1989,1.945910149055313
EP19920307053,3,1991,2.484906649788001
EP19910311505,1,1990,2.3978952727983707
EP19920300236,1,1991,2.1972245773362196
EP19920308657,1,1991,2.70805020110221
EP19890312270,7,1988,1.0986122886681096
EP19920308931,2,1991,0.6931471805599453
EP19920309461,2,1991,2.564949357461537
EP19910306940,3,1990,3.4965075614664802
EP19870305584,1,1986,-0.0
EP19860307459,1,1985,1.945910149055313
EP19920310092,1,1991,2.0794415416798357
EP19900313908,2,1989,2.0794415416798357
EP19890202954,1,1988,1.0986122886681096
EP19880311812,1,1988,-0.0
EP19920203445,2,1991,1.0986122886681096
EP19920201563,1,1991,1.3862943611198906
EP19790300824,1,1978,-0.0
EP19860309573,1,1985,1.0986122886681096
EP19890202834,1,1988,1.3862943611198906
EP19920201850,1,1991,2.0794415416798357
EP19910201645,1,1990,2.3025850929940455
EP19910402890,3,1990,1.945910149055313
EP19890122372,1,1988,2.70805020110221
EP19930200096,1,1992,2.890371757896165
EP19930301096,1,1992,-0.0
EP19880304007,2,1987,1.7917594692280547
EP19930301780,3,1992,2.1972245773362196
EP19930300270,5,1992,2.3978952727983707
EP19910309420,2,1990,2.772588722239781
EP19910311540,1,1990,2.1972245773362196
EP19910301785,1,1990,-0.0
EP19810201115,1,1980,-0.0
EP19900308960,2,1989,1.0986122886681096
EP19880307783,1,1987,-0.0
EP19800301906,1,1979,0.6931471805599453
EP19930109443,2,1992,3.044522437723422
EP19920202493,3,1991,2.9444389791664403
EP19920304819,2,1991,1.945910149055313
EP19930306569,1,1992,2.9444389791664403
EP19930308999,1,1992,2.1972245773362196
EP19920309169,4,1991,2.995732273553991
EP19880305895,2,1987,2.0794415416798357
EP19910106624,1,1988,2.1972245773362196
EP19870303819,1,1986,0.6931471805599453
EP19930309680,2,1992,2.9444389791664403
EP19900301135,1,1989,1.0986122886681096
EP19920402554,2,1991,2.0794415416798357
EP19930300449,2,1992,2.639057329615258
EP19920308148,2,1991,-0.0
EP19930303360,1,1992,-0.0
EP19940301513,1,1993,-0.0
EP19940302040,1,1993,2.639057329615258
EP19930301156,1,1992,3.1354942159291497
EP19910309700,1,1990,1.945910149055313
EP19940305195,1,1993,1.7917594692280547
EP19890308083,1,1988,2.3978952727983707
EP19910309646,1,1990,-0.0
EP19850308952,1,1984,1.0986122886681096
EP19830302895,1,1982,1.0986122886681096
EP19940309227,1,1993,1.0986122886681096
EP19960309089,2,1996,-0.0
EP19900300780,1,1989,2.639057329615258
EP19900314106,1,1989,1.7917594692280547
EP19890305745,1,1988,1.7917594692280547
EP19930108628,1,1992,4.174387269895637
EP19910309513,1,1990,1.6094379124341005
EP19920303918,1,1991,3.295836866004329
EP19950201085,1,1992,2.3025850929940455
EP19910203365,1,1990,1.3862943611198906
EP19950306253,1,1994,3.295836866004329
EP19830401431,1,1982,1.7917594692280547
EP19930303863,1,1992,1.945910149055313
EP19920309740,3,1991,2.3978952727983707
EP19950303508,1,1994,0.6931471805599453
EP19950120491,1,1988,3.3322045101752034
EP19880304868,1,1987,3.1354942159291497
EP19920301845,1,1991,1.0986122886681096
EP19840302409,1,1983,-0.0
EP19960107088,1,1991,0.6931471805599453
EP19910306904,1,1990,-0.0
EP19900301608,1,1989,1.6094379124341005
EP19920309969,1,1991,1.945910149055313
EP19820306165,1,1981,-0.0
EP19870304433,3,1986,1.6094379124341005
EP19930308029,5,1992,2.70805020110221
EP19860303916,1,1985,1.3862943611198906
EP19940401458,1,1993,0.6931471805599453
EP19940300279,1,1993,1.3862943611198906
EP19960918686,1,1995,0.6931471805599453
EP19890304248,1,1988,1.3862943611198906
EP19860310065,1,1986,1.3862943611198906
EP19920300726,1,1991,1.0986122886681096
EP19820302075,1,1981,1.0986122886681096
EP19890303987,1,1988,1.6094379124341005
EP19970303832,3,1996,2.639057329615258
EP19920306137,4,1991,2.890371757896165
EP19920308996,1,1991,2.1972245773362196
EP19930307692,1,1992,-0.0
EP19860305029,2,1985,1.945910149055313
EP19900312870,2,1989,2.484906649788001
EP19980304779,1,1997,2.772588722239781
EP19980304797,1,1997,3.091042453358315
EP19980304782,1,1997,2.833213344056216
EP19980304798,1,1997,2.70805020110221
EP19980304786,1,1997,3.2580965380214826
EP19980305244,1,1997,2.9444389791664403
EP19980300249,1,1997,1.945910149055313
EP19920100953,1,1991,2.3025850929940455
EP19920307504,3,1991,1.3862943611198906
EP19970200156,1,1996,3.091042453358315
EP19970200200,1,1996,3.2580965380214826
EP19900305248,1,1989,2.3025850929940455
EP19910911486,1,1990,3.401197381662155
EP19910303929,1,1990,1.945910149055313
EP19990307996,1,1998,2.564949357461537
EP19990308158,2,1998,3.044522437723422
EP19850307924,1,1984,1.0986122886681096
EP19990308156,6,1998,3.2580965380214826
EP19980309255,4,1997,2.564949357461537
EP19990303985,1,1998,2.639057329615258
EP20000308644,1,1999,2.0794415416798357
EP19900305202,1,1989,1.945910149055313
EP19880303760,3,1987,-0.0
EP19920302332,1,1991,-0.0
EP20000308854,1,1999,3.5553480614894135
EP19980203620,2,1998,3.091042453358315
EP19940119095,1,1993,-0.0
EP19890301751,1,1988,-0.0
EP19910311503,1,1990,-0.0
EP19950912222,1,1994,-0.0
EP19870302767,1,1986,2.890371757896165
EP19830303935,1,1982,-0.0
EP19950912320,1,1994,2.0794415416798357
EP19870300938,1,1986,-0.0
EP20000309364,1,1999,3.295836866004329
EP20020251367,1,2001,3.401197381662155
EP19970300495,1,1996,-0.0
EP19900302269,2,1989,3.044522437723422
EP20010900186,2,2000,2.70805020110221
EP20000309722,1,1999,4.812184355372416
EP19980203642,1,1998,3.295836866004329
EP20000309075,1,1999,3.5553480614894135
EP19880307394,5,1987,1.6094379124341005
EP20010302864,2,2000,0.6931471805599453
EP19960300390,1,1995,0.6931471805599453
EP20030006887,1,2002,1.0986122886681096
EP20020013425,2,2001,-0.0
EP19920201852,1,1991,-0.0
EP19960308185,1,1995,-0.0
EP19970302729,1,1996,-0.0
EP19930310599,1,1993,2.484906649788001
EP19920203262,2,1991,2.772588722239781
EP20020014069,3,2001,1.3862943611198906
EP20030018346,2,2002,-0.0
EP19940201456,1,1990,3.4657359027997265
EP19900309846,4,1989,2.1972245773362196
EP19990302129,1,1998,-0.0
EP19920302108,1,1991,-0.0
EP19910309596,3,1990,1.6094379124341005
EP20040022032,1,2003,-0.0
EP20030252200,2,2002,2.1972245773362196
EP19890311021,1,1988,1.945910149055313
EP19880301891,1,1987,-0.0
EP20020003204,1,1995,1.0986122886681096
EP20040254328,1,2004,1.6094379124341005
EP20030251574,1,2003,1.0986122886681096
EP19900200742,1,1989,-0.0
EP20050016921,1,2000,2.70805020110221
EP20030253447,4,2003,1.6094379124341005
EP20040253002,5,2003,1.3862943611198906
EP20060026271,1,2002,1.6094379124341005
EP20040743400,1,2003,2.3025850929940455
EP20040253032,1,2004,1.3862943611198906
EP19890302174,1,1988,1.6094379124341005
EP19900302195,1,1989,-0.0
EP20010308959,1,2000,3.4657359027997265
EP19920906335,1,1991,1.6094379124341005
EP19890910909,5,1988,2.0794415416798357
EP20030252201,1,2002,1.0986122886681096
EP20030252203,1,2002,1.3862943611198906
EP20030252204,1,2002,2.1972245773362196
EP20050775640,1,2004,1.3862943611198906
EP19900307236,5,1989,2.772588722239781
EP19980102990,3,1992,2.995732273553991
EP20060004831,3,2006,1.6094379124341005
EP19930306995,1,1992,-0.0
EP20050023905,1,2004,2.1972245773362196
EP19980305991,1,1997,1.3862943611198906
EP19890304572,1,1988,-0.0
EP20070118291,2,1997,1.0986122886681096
EP20060010364,1,2000,1.7917594692280547
EP20020014282,2,2001,-0.0
EP20060117054,3,2006,1.945910149055313
EP19930919489,1,1992,2.833213344056216
EP19880309842,1,1987,1.3862943611198906
EP20010967217,2,2000,-0.0
EP20060843122,1,2005,0.6931471805599453
EP20060843125,1,2005,0.6931471805599453
EP19970947810,11,1996,2.833213344056216
EP19840301996,26,1983,3.091042453358315
EP19850904274,7,1984,2.772588722239781
EP19940913174,4,1993,2.833213344056216
EP19960303856,1,1995,-0.0
EP20000985666,1,1999,2.3025850929940455
EP19820300416,22,1981,2.484906649788001
EP20060114490,1,2006,1.0986122886681096
EP19900309570,1,1989,1.3862943611198906
EP19960304888,1,1995,2.772588722239781
EP19900202569,1,1989,1.945910149055313
EP20060703945,1,2005,0.6931471805599453
EP19910201409,1,1990,-0.0
EP19880202098,1,1987,1.0986122886681096
EP19800303133,1,1979,0.6931471805599453
EP19950304958,1,1994,0.6931471805599453
EP19970932617,2,1996,1.6094379124341005
EP19900311107,14,1989,2.3025850929940455
EP19850300508,2,1984,-0.0
EP20010128984,2,1997,-0.0
EP20050254885,2,2005,-0.0
EP19920201136,1,1991,2.3978952727983707
EP19980966319,1,1997,-0.0
EP20030257403,1,2002,1.7917594692280547
EP20010966751,1,2000,2.890371757896165
EP20040011047,1,2000,2.833213344056216
EP20000308914,1,1999,2.484906649788001
EP20030010944,4,2003,0.6931471805599453
EP20040253034,1,2004,1.7917594692280547
EP20090153068,1,2009,1.3862943611198906
EP20010203352,2,1996,2.833213344056216
EP19880201376,1,1987,-0.0
EP20100007906,1,1997,1.0986122886681096
EP19980943527,1,1997,1.0986122886681096
EP20090006022,1,1997,1.0986122886681096
EP20100180667,1,2000,2.70805020110221
EP19950921033,1,1994,1.3862943611198906
EP19820304864,1,1981,1.3862943611198906
EP19920903535,2,1991,1.945910149055313
EP19940904295,1,1993,1.3862943611198906
EP19890306453,1,1988,2.70805020110221
EP19900304312,1,1989,2.1972245773362196
EP19900304313,1,1989,1.945910149055313
EP19880904580,1,1987,0.6931471805599453
EP19850107171,4,1984,-0.0
EP19980310350,6,1998,2.890371757896165
EP20010120610,2,1995,1.6094379124341005
EP19890303964,8,1988,1.7917594692280547
EP19920301558,1,1991,0.6931471805599453
EP19990947762,1,1998,3.4339872044851463
EP19840304477,1,1983,-0.0
EP20010202415,1,2000,0.6931471805599453
EP20090736271,1,2008,1.3862943611198906
EP20080737092,1,2007,1.6094379124341005
EP19920301465,5,1991,2.0794415416798357
EP19870907123,1,1986,2.564949357461537
EP19920921508,1,1992,2.0794415416798357
EP19840902027,2,1983,-0.0
EP20080829556,1,2007,-0.0
EP19920922609,3,1991,2.0794415416798357
EP19980940374,1,1997,1.945910149055313
EP20000971502,1,1999,1.0986122886681096
EP20000990049,1,1999,1.6094379124341005
EP20090162439,3,2009,-0.0
EP19870900856,3,1986,2.3978952727983707
EP19880906008,3,1987,2.3978952727983707
EP20090001755,1,2009,-0.0
EP20110173338,1,2006,-0.0
EP20090156856,1,2009,0.6931471805599453
EP19980922932,1,1997,1.6094379124341005
EP19990959535,1,1998,2.3025850929940455
EP20020254766,4,2001,-0.0
EP20060709712,1,2005,1.3862943611198906
EP20060119827,1,2006,1.945910149055313
EP19980957019,1,1997,0.6931471805599453
EP20040748975,2,2003,2.3025850929940455
EP20030784238,1,2002,1.0986122886681096
EP19920919846,3,1991,3.091042453358315
EP19890911831,1,1988,1.3862943611198906
EP19840301987,1,1983,-0.0
EP20090163865,1,2009,1.3862943611198906
EP20150172604,1,2010,1.6094379124341005
EP19990934933,2,1998,1.6094379124341005
EP19900917183,4,1989,2.564949357461537
EP20060709814,2,2005,-0.0
EP20100171298,1,2010,-0.0
EP20130173828,1,2012,1.0986122886681096
EP20020767701,1,2001,-0.0
EP20120154614,5,2011,1.0986122886681096
EP20120180488,1,2012,-0.0
EP20120180490,1,2012,-0.0
EP19950308080,1,1994,2.995732273553991
EP20040743090,2,2003,1.0986122886681096
EP20020080462,1,2001,1.3862943611198906
EP20110185628,2,2010,-0.0
EP20130154614,2,2012,0.6931471805599453
EP19890307926,1,1988,-0.0
EP19790901156,2,1978,-0.0
EP20140198959,1,2013,-0.0
EP20070075322,3,2007,-0.0
EP19890905449,1,1988,1.945910149055313
EP20100735038,2,2009,2.484906649788001
EP20010270349,1,2000,0.6931471805599453
EP19800300904,1,1979,1.6094379124341005
EP19920306509,1,1991,2.3025850929940455
EP19820102293,1,1979,1.6094379124341005
EP20060719306,1,2005,0.6931471805599453
EP20130187592,1,2012,1.3862943611198906
EP19780300201,1,1977,1.3862943611198906
EP20000958525,2,1999,2.3025850929940455
EP20130164430,1,2010,-0.0
EP20130163144,1,2012,-0.0
EP20140155565,1,2013,0.6931471805599453
EP19900313389,1,1989,-0.0
EP19810302411,1,1980,-0.0
EP19880308026,1,1987,0.6931471805599453
EP20140725498,1,2013,-0.0
EP20040768934,1,2003,0.6931471805599453
EP20000947546,2,1999,-0.0
EP19810901693,1,1981,-0.0
EP19880905970,2,1987,-0.0
EP19810901804,1,1980,-0.0
EP19830902536,1,1982,-0.0
EP19850902609,1,1984,-0.0
EP20040768166,1,2003,-0.0
EP19840902466,1,1984,-0.0
EP19860904252,2,1985,-0.0
EP19950925934,1,1994,2.1972245773362196
EP19860906870,1,1985,-0.0
EP19850903342,1,1984,0.6931471805599453
EP19860904264,1,1985,-0.0
EP19880905921,1,1987,-0.0
EP19940923003,2,1993,-0.0
EP19980954586,1,1997,-0.0
EP19880905951,1,1987,-0.0
EP19800901131,1,1979,-0.0
EP19880905940,2,1987,0.6931471805599453
EP19940926320,7,1993,-0.0
EP19960925915,1,1995,0.6931471805599453
EP19970931952,1,1996,-0.0
EP19910912858,1,1990,1.6094379124341005
EP19890908485,1,1988,2.833213344056216
EP19800902241,1,1979,-0.0
EP19890908441,1,1988,-0.0
EP19890907803,1,1988,-0.0
EP19850903330,1,1984,-0.0
EP19880905941,1,1987,-0.0
EP19900910807,1,1989,-0.0
EP19880907742,1,1987,-0.0
EP19890909012,1,1988,-0.0
EP19890908479,1,1988,-0.0
EP19870904296,1,1986,-0.0
EP19890908451,1,1988,-0.0
EP19870905243,1,1986,-0.0
EP19840902721,1,1983,-0.0
EP19880909592,1,1987,-0.0
EP19900911960,3,1989,-0.0
EP19910913600,2,1990,-0.0
EP19890908244,1,1988,-0.0
EP19880905931,1,1987,-0.0
EP19880905993,2,1987,-0.0
EP19960922576,1,1995,-0.0
EP19900909764,1,1989,-0.0
EP19880905974,1,1987,1.0986122886681096
EP19880906950,1,1987,-0.0
EP19900915805,1,1989,-0.0
EP19900917599,1,1989,-0.0
EP19900909471,1,1990,-0.0
EP19880905923,1,1987,-0.0
EP19900901860,1,1989,-0.0
EP19980935501,1,1997,1.3862943611198906
EP19910909447,1,1990,-0.0
EP19940928445,1,1993,-0.0
EP19910914017,1,1990,-0.0
EP19940924371,2,1993,-0.0
EP19980933651,2,1997,0.6931471805599453
EP19900911307,1,1989,1.7917594692280547
EP19910911833,1,1990,-0.0
EP19890912277,1,1988,-0.0
EP19900907355,3,1989,-0.0
EP19890910458,1,1988,-0.0
EP19930924741,1,1992,0.6931471805599453
EP19910917676,2,1990,-0.0
EP19920915612,1,1991,-0.0
EP19900913730,1,1989,-0.0
EP19950921925,5,1994,-0.0
EP19930913397,5,1992,-0.0
EP19910915144,4,1990,-0.0
EP19910913557,1,1990,-0.0
EP19910912586,1,1990,-0.0
EP19900909758,1,1989,-0.0
EP19910920852,4,1990,-0.0
EP19920901810,2,1990,-0.0
EP20070848413,1,2006,-0.0
EP20040766665,1,2003,-0.0
EP19920914202,3,1991,-0.0
EP19890908442,1,1988,-0.0
EP19920916464,1,1991,-0.0
EP19920915687,1,1991,-0.0
EP19890908847,1,1988,1.0986122886681096
EP19910910724,2,1990,-0.0
EP19900912098,1,1989,-0.0
EP19920918718,1,1991,-0.0
EP19910911832,1,1990,-0.0
EP19840903077,1,1983,-0.0
EP19900916346,1,1990,-0.0
EP19900901623,2,1989,-0.0
EP19980937672,1,1997,-0.0
EP19990929556,1,1998,-0.0
EP19880905937,1,1987,-0.0
EP19980936494,1,1997,2.3025850929940455
EP19910910902,1,1990,-0.0
EP19910901319,1,1990,-0.0
EP19890909409,2,1988,-0.0
EP19920915647,2,1991,-0.0
EP19910911920,1,1990,-0.0
EP19910913797,1,1991,-0.0
EP19940920929,1,1993,2.1972245773362196
EP19920915233,1,1991,1.3862943611198906
EP19930914852,1,1992,-0.0
EP19900900277,1,1988,-0.0
EP19910917669,1,1990,-0.0
EP19920901382,1,1990,-0.0
EP19920916658,1,1991,-0.0
EP19920909814,1,1991,-0.0
EP19910918884,1,1990,-0.0
EP19930915730,1,1992,-0.0
EP19920912516,1,1991,-0.0
EP19920924827,1,1991,-0.0
EP19940923697,1,1993,1.7917594692280547
EP19910915558,1,1990,-0.0
EP19920913791,1,1991,-0.0
EP19910916854,1,1990,-0.0
EP19920913502,1,1991,-0.0
EP19940918871,1,1993,-0.0
EP19930913430,1,1992,-0.0
EP19900912626,1,1989,-0.0
EP19900910842,1,1990,-0.0
EP19930913223,1,1992,-0.0
EP19880905920,1,1987,-0.0
EP19950924911,2,1994,0.6931471805599453
EP19930916828,1,1992,-0.0
EP20090748778,1,2008,1.7917594692280547
EP19930914889,1,1992,-0.0
EP19930914904,1,1992,-0.0
EP19930915736,1,1992,-0.0
EP19930910215,1,1992,1.7917594692280547
EP19940900260,1,1992,-0.0
EP19940914475,1,1993,-0.0
EP19950925062,1,1994,-0.0
EP19940919786,2,1993,-0.0
EP19950922672,1,1994,2.564949357461537
EP19940918940,2,1993,-0.0
EP19920915906,1,1991,-0.0
EP19920923116,1,1991,2.1972245773362196
EP19920922953,1,1991,-0.0
EP19930916082,1,1992,-0.0
EP19920921044,1,1991,-0.0
EP19890909011,1,1988,-0.0
EP19930920970,1,1992,-0.0
EP19940918432,1,1993,-0.0
EP19930921048,2,1992,2.1972245773362196
EP19960918753,1,1995,-0.0
EP19970940238,1,1996,0.6931471805599453
EP19940928450,1,1993,1.7917594692280547
EP19920917010,1,1991,-0.0
EP19980967078,2,1997,-0.0
EP19930914872,1,1992,-0.0
EP19930918049,1,1992,-0.0
EP19920918005,1,1991,2.0794415416798357
EP19940920985,1,1993,1.0986122886681096
EP19940916315,1,1993,-0.0
EP19930923630,1,1992,3.610917912644225
EP19940920965,1,1993,2.484906649788001
EP19930913220,1,1992,-0.0
EP19940918462,1,1993,-0.0
EP19910919969,1,1990,-0.0
EP19890908476,2,1988,-0.0
EP19890909806,1,1988,-0.0
EP19980937666,1,1997,-0.0
EP19940926300,1,1993,-0.0
EP19940919764,1,1993,-0.0
EP19970931939,1,1996,-0.0
EP19930913429,1,1992,-0.0
EP19950923431,1,1994,-0.0
EP19880908301,1,1987,-0.0
EP19940928478,1,1993,-0.0
EP19930923638,1,1992,-0.0
EP19950922659,1,1994,-0.0
EP19930913447,1,1992,-0.0
EP19940918475,1,1993,-0.0
EP19940919781,1,1993,-0.0
EP19920916631,1,1991,-0.0
EP19930913416,1,1992,-0.0
EP19940918465,1,1993,-0.0
EP19890909598,1,1988,-0.0
EP19930916095,1,1992,-0.0
EP19930916040,1,1992,-0.0
EP19890909008,1,1988,-0.0
EP20000943853,1,1999,2.0794415416798357
EP19930914854,1,1992,1.945910149055313
EP19940902043,1,1992,-0.0
EP19940930271,1,1993,-0.0
EP19950931297,1,1994,-0.0
EP19900910818,3,1989,-0.0
EP20010945471,1,2000,3.1780538303479453
EP19990973319,1,1998,-0.0
EP19920923939,1,1992,-0.0
EP19960922119,1,1995,-0.0
EP19940902883,1,1992,-0.0
EP19940917747,1,1993,-0.0
EP19950921055,2,1994,-0.0
EP19950927858,1,1994,-0.0
EP19950935509,1,1994,-0.0
EP19800901727,1,1979,-0.0
EP19940919745,1,1993,-0.0
EP19970930649,1,1996,1.945910149055313
EP19900912789,1,1989,-0.0
EP19910913244,1,1990,-0.0
EP20010949659,1,2000,-0.0
EP19970941124,2,1996,2.0794415416798357
EP19950922646,2,1994,-0.0
EP19920914359,1,1991,-0.0
EP19950936704,1,1994,-0.0
EP19950925067,1,1994,-0.0
EP19950924432,1,1994,-0.0
EP20050755563,2,2004,1.0986122886681096
EP20000940609,3,1999,-0.0
EP20000929741,2,1999,1.7917594692280547
EP20000937071,2,1999,-0.0
EP20080851879,1,2007,-0.0
EP19940918469,1,1993,-0.0
EP19900915504,1,1989,-0.0
EP19940922444,1,1993,-0.0
EP19940925375,1,1993,2.1972245773362196
EP20010943670,1,2000,-0.0
EP19930913436,1,1992,-0.0
EP19950901509,1,1993,2.484906649788001
EP19950941077,1,1994,0.6931471805599453
EP19910912840,1,1990,-0.0
EP19960920956,1,1995,-0.0
EP20020743359,1,2001,-0.0
EP20080701757,1,2007,-0.0
EP19960925701,1,1995,2.0794415416798357
EP19950929159,1,1994,-0.0
EP19950921936,1,1994,-0.0
EP19960920921,1,1995,1.0986122886681096
EP19950925919,1,1994,1.6094379124341005
EP20010940757,1,2000,2.3978952727983707
EP20010953173,1,2000,2.1972245773362196
EP19930917727,1,1992,2.484906649788001
EP19960924083,1,1995,1.3862943611198906
EP19960924082,2,1995,1.3862943611198906
EP19980935181,1,1997,1.945910149055313
EP20030809778,2,2002,-0.0
EP19950922602,1,1994,-0.0
EP19950925983,1,1994,-0.0
EP19960920987,1,1995,-0.0
EP19940918442,1,1993,-0.0
EP19960916243,1,1995,-0.0
EP19830900055,1,1981,-0.0
EP19950933544,1,1994,-0.0
EP19950939340,1,1994,-0.0
EP19950914441,1,1994,-0.0
EP19960920934,1,1995,-0.0
EP19950923466,1,1994,-0.0
EP19930924566,1,1992,-0.0
EP19960917603,1,1995,-0.0
EP19960918759,1,1995,-0.0
EP19970933780,1,1996,-0.0
EP19990926669,1,1998,1.6094379124341005
EP19950923460,1,1994,-0.0
EP19930916061,1,1992,-0.0
EP19950926445,2,1994,-0.0
EP19950927876,2,1994,-0.0
EP19920924795,1,1991,-0.0
EP19960925918,1,1995,-0.0
EP19930913438,1,1992,-0.0
EP19960928512,1,1995,-0.0
EP19950924461,1,1994,-0.0
EP19950900216,1,1993,-0.0
EP19950935533,1,1994,-0.0
EP19960927126,2,1995,-0.0
EP20000946209,1,1999,-0.0
EP19960922117,1,1995,-0.0
EP19940922942,1,1993,-0.0
EP19920922898,1,1991,-0.0
EP19960916234,1,1995,-0.0
EP19940921054,1,1993,-0.0
EP19970928378,1,1996,-0.0
EP19990951016,1,1998,-0.0
EP19960916233,1,1995,-0.0
EP19940917726,1,1993,-0.0
EP19960922135,1,1995,-0.0
EP19960943253,1,1995,1.6094379124341005
EP19950938521,1,1994,-0.0
EP19960927783,1,1995,-0.0
EP19950941795,1,1994,-0.0
EP19950937962,1,1994,-0.0
EP19920922235,1,1991,-0.0
EP19970928357,1,1996,1.0986122886681096
EP19960920962,1,1995,-0.0
EP19960930285,1,1995,-0.0
EP19970929377,1,1996,1.6094379124341005
EP19960928597,1,1995,-0.0
EP19960920993,1,1995,-0.0
EP19930916655,1,1992,-0.0
EP19900915520,1,1989,-0.0
EP19970943046,1,1996,-0.0
EP19980950221,1,1997,-0.0
EP19960922130,1,1995,-0.0
EP19950929166,1,1994,-0.0
EP19960931895,1,1995,2.484906649788001
EP19970933661,2,1996,1.945910149055313
EP20020774168,1,2001,2.70805020110221
EP19970943064,2,1996,-0.0
EP19980950215,1,1997,-0.0
EP19960933990,1,1995,-0.0
EP19960920950,1,1995,-0.0
EP19960922144,1,1995,1.3862943611198906
EP20000969119,1,1999,-0.0
EP19960927767,1,1995,-0.0
EP19950938525,1,1994,-0.0
EP19970931921,1,1996,-0.0
EP19970933776,1,1996,1.6094379124341005
EP19930921029,1,1992,-0.0
EP19920900235,1,1990,-0.0
EP19980935173,1,1997,-0.0
EP20070766440,1,2006,-0.0
EP20050825310,1,2004,-0.0
EP20080842704,1,2007,-0.0
EP19970930677,2,1996,-0.0
EP19960924996,1,1995,-0.0
EP19960943200,1,1995,-0.0
EP19950932087,1,1994,-0.0
EP19980930924,1,1997,-0.0
EP19970932034,1,1996,-0.0
EP20000942192,1,1999,-0.0
EP19960927775,1,1995,-0.0
EP19960918770,1,1995,-0.0
EP19950923479,1,1995,-0.0
EP19980935113,1,1997,-0.0
EP20010962709,1,2000,0.6931471805599453
EP19970943976,1,1996,1.0986122886681096
EP19990940288,1,1998,-0.0
EP19970935666,1,1996,3.6888794541139363
EP19980932352,1,1997,-0.0
EP19980935140,1,1997,-0.0
EP19970930634,1,1996,0.6931471805599453
EP19960934999,1,1995,-0.0
EP19950923487,1,1994,-0.0
EP19960933524,1,1996,-0.0
EP19980944099,1,1997,-0.0
EP19970928183,1,1996,-0.0
EP19970953721,1,1996,2.70805020110221
EP19980937667,1,1997,-0.0
EP19990928140,2,1998,-0.0
EP19960937466,1,1995,-0.0
EP19990928059,1,1998,-0.0
EP19980932428,1,1997,-0.0
EP19970930676,1,1996,-0.0
EP19980958354,1,1997,-0.0
EP19980932360,1,1997,-0.0
EP19970931962,1,1996,-0.0
EP19980934058,1,1997,-0.0
EP19970947162,1,1996,-0.0
EP19980942845,1,1997,0.6931471805599453
EP19990934946,3,1998,-0.0
EP20010945480,3,2000,-0.0
EP20010992592,3,2000,-0.0
EP20020745637,3,2001,-0.0
EP20020748814,2,2001,-0.0
EP19990928129,1,1998,3.1780538303479453
EP19980925836,1,1997,-0.0
EP19990929549,2,1998,-0.0
EP19980930880,1,1997,-0.0
EP19980930882,1,1997,-0.0
EP19960917583,1,1995,-0.0
EP20000943819,1,1999,1.7917594692280547
EP19990929512,1,1998,-0.0
EP19970949063,1,1996,-0.0
EP19970944989,1,1996,-0.0
EP19990928103,1,1998,-0.0
EP19990929561,1,1998,2.772588722239781
EP19990928078,1,1998,-0.0
EP19970947152,1,1997,-0.0
EP19990940320,1,1998,-0.0
EP19980944772,1,1997,2.1972245773362196
EP19930916121,1,1992,-0.0
EP20000941946,1,1999,-0.0
EP19990928094,1,1998,-0.0
EP19980935169,1,1997,-0.0
EP19990940294,3,1998,2.1972245773362196
EP19970911356,1,1996,-0.0
EP19990926660,1,1998,-0.0
EP20000943195,1,1999,2.890371757896165
EP19990928104,1,1998,-0.0
EP19980955809,1,1997,-0.0
EP19910919487,1,1990,1.6094379124341005
EP19990949237,1,1998,-0.0
EP20000900291,1,1999,-0.0
EP19920915331,1,1991,-0.0
EP20000946170,1,1999,3.1354942159291497
EP19920923918,1,1991,-0.0
EP19990936805,1,1998,-0.0
EP20000940592,1,1999,-0.0
EP19980935126,1,1997,2.3978952727983707
EP19990905145,1,1998,-0.0
EP19980938821,1,1997,-0.0
EP20000906190,1,1999,-0.0
EP20000942249,1,1999,2.0794415416798357
EP19990919371,1,1998,-0.0
EP19990941767,1,1998,1.3862943611198906
EP20000982717,1,1999,-0.0
EP19960924070,1,1995,-0.0
EP20000949697,1,1999,-0.0
EP20000940659,1,1999,-0.0
EP20000942180,1,1999,-0.0
EP19990923755,1,1998,-0.0
EP19990954175,1,1998,-0.0
EP20030753800,1,2002,-0.0
EP20000944101,1,1999,-0.0
EP19990928074,1,1998,-0.0
EP20000964424,1,1999,-0.0
EP20030766486,1,2002,-0.0
EP20090772803,1,2008,-0.0
EP20000951510,1,1999,1.0986122886681096
EP20010945515,1,2000,-0.0
EP19980933816,1,1997,1.3862943611198906
EP19970932908,1,1996,-0.0
EP19990947685,1,1998,-0.0
EP19980950223,1,1997,-0.0
EP20010945478,1,2000,-0.0
EP19950932833,1,1994,-0.0
EP20010940847,1,2000,-0.0
EP19990928138,1,1998,-0.0
EP19990932992,1,1998,-0.0
EP20000951715,1,1999,-0.0
EP19990954197,1,1998,1.6094379124341005
EP19990939520,1,1998,-0.0
EP20000964441,1,1999,-0.0
EP19990949270,1,1998,-0.0
EP19970936157,1,1996,-0.0
EP19970937700,1,1996,-0.0
EP19990934969,1,1998,-0.0
EP19970941119,1,1996,-0.0
EP19890909837,1,1988,-0.0
EP20000954715,1,1999,-0.0
EP19990934939,1,1998,-0.0
EP20010971760,2,2000,-0.0
EP20000989079,1,1999,-0.0
EP20010951724,1,2000,-0.0
EP19990959546,1,1998,-0.0
EP20010948661,1,2000,-0.0
EP19990950950,1,1998,-0.0
EP19990931378,1,1998,2.3025850929940455
EP20060808472,1,2005,1.0986122886681096
EP20000985482,1,1999,-0.0
EP20010978656,3,2000,-0.0
EP19990943064,1,1998,2.995732273553991
EP20010951789,1,2000,-0.0
EP19990936851,1,1998,-0.0
EP19920914072,1,1991,-0.0
EP20010946639,1,2000,-0.0
EP20000964444,1,1999,-0.0
EP20010949681,1,2000,-0.0
EP20000953320,1,1999,2.9444389791664403
EP20080762269,1,2007,-0.0
EP20010943674,1,2000,-0.0
EP20020745621,1,2001,-0.0
EP20020755111,1,2001,-0.0
EP19960935071,1,1995,-0.0
EP19990933016,1,1998,-0.0
EP19940924354,1,1993,-0.0
EP20010947608,1,2000,-0.0
EP19940926887,1,1993,1.6094379124341005
EP20010954145,1,2000,-0.0
EP20010965407,1,2000,-0.0
EP20000985537,1,1999,-0.0
EP20010943665,1,2000,-0.0
EP20010953213,1,2000,-0.0
EP20020770066,1,2001,-0.0
EP20010949684,1,2000,-0.0
EP20050775398,1,2004,-0.0
EP20000971521,1,1999,2.3025850929940455
EP20020743375,1,2001,-0.0
EP20010956718,1,2000,2.3025850929940455
EP20010954264,1,2000,3.4965075614664802
EP20020749066,1,2001,0.6931471805599453
EP20020730533,1,2001,3.091042453358315
EP20000977672,1,1999,-0.0
EP19970939022,1,1996,-0.0
EP19970935674,1,1996,-0.0
EP20000966101,1,1999,-0.0
EP20020740910,1,2001,-0.0
EP20020754700,1,2001,-0.0
EP20020780831,1,2001,-0.0
EP20030784298,1,2002,1.6094379124341005
EP20060820344,1,2005,-0.0
EP20000958779,1,1999,-0.0
EP20020755097,1,2001,-0.0
EP20020747552,1,2001,-0.0
EP20000968118,1,1999,-0.0
EP20010951797,1,2000,-0.0
EP19990942894,1,1998,1.6094379124341005
EP20040785723,1,2003,-0.0
EP20030763991,1,2002,-0.0
EP20040805893,1,2003,1.3862943611198906
EP20030760614,1,2002,-0.0
EP20030769654,1,2002,-0.0
EP20010960883,1,2000,-0.0
EP20040743898,1,2003,-0.0
EP19990956209,1,1998,1.0986122886681096
EP20030761711,2,2002,-0.0
EP20040743091,1,2003,-0.0
EP20020735627,1,2001,-0.0
EP20030740732,1,2002,-0.0
EP20030740804,1,2002,-0.0
EP20040735240,1,2003,-0.0
EP20020748990,1,2001,-0.0
EP20020749095,1,2001,-0.0
EP20040798623,3,2003,1.6094379124341005
EP20070822305,3,2006,-0.0
EP20030732758,1,2002,-0.0
EP20040743071,1,2003,-0.0
EP20040743213,1,2003,1.945910149055313
EP20040798502,1,2003,-0.0
EP20030773663,1,2002,-0.0
EP20030780355,1,2002,-0.0
EP19960944077,1,1995,1.945910149055313
EP20040743121,1,2003,-0.0
EP19930919528,1,1992,-0.0
EP19940902042,1,1992,-0.0
EP20050820569,1,2004,-0.0
EP20050787939,1,2004,-0.0
EP20030812216,1,2002,-0.0
EP20050759332,1,2004,-0.0
EP20040763339,1,2003,2.1972245773362196
EP20020747603,1,2001,-0.0
EP20050758982,1,2004,-0.0
EP19980940442,1,1997,-0.0
EP20050778390,1,2004,-0.0
EP20050755404,1,2004,-0.0
EP20030738310,1,2002,0.6931471805599453
EP20040768071,1,2003,-0.0
EP20040743026,1,2003,-0.0
EP19960931890,1,1995,-0.0
EP20070824317,2,2006,-0.0
EP20050750230,1,2004,-0.0
EP20050729727,1,2004,-0.0
EP20040768882,1,2003,-0.0
EP20060755671,1,2005,-0.0
EP20050784736,1,2004,-0.0
EP20010960882,1,2000,-0.0
EP20060744128,1,2005,-0.0
EP20050796199,1,2004,-0.0
EP20010949785,1,2000,-0.0
EP20050767600,1,2004,-0.0
EP20050782787,1,2004,-0.0
EP20040778528,1,2003,-0.0
EP20060755697,1,2005,-0.0
EP20070824897,1,2006,-0.0
EP20060777557,1,2005,-0.0
EP20070848538,1,2006,-0.0
EP20010978657,1,2000,-0.0
EP20060755647,1,2005,-0.0
EP20060777738,1,2005,-0.0
EP20080840400,1,2007,-0.0
EP20070848586,1,2007,-0.0
EP20060755644,1,2005,-0.0
EP20050755432,1,2004,-0.0
EP19910913479,1,1990,1.7917594692280547
EP20060794661,1,2005,-0.0
EP20060808453,1,2005,-0.0
EP20080806563,1,2007,1.3862943611198906
EP20020772628,1,2001,-0.0
EP20070765616,1,2006,1.6094379124341005
EP20060820394,1,2005,-0.0
EP20070733309,1,2006,-0.0
EP20070824459,1,2006,-0.0
EP20080774342,1,2007,-0.0
EP19890912001,1,1988,-0.0
EP20030795089,1,2002,-0.0
EP20080806764,1,2007,-0.0
EP20050790693,1,2004,-0.0
EP20060807780,1,2005,-0.0
EP20080803683,1,2007,-0.0
EP20050784568,1,2004,-0.0
EP20070804413,1,2006,-0.0
EP20060809557,1,2005,-0.0
EP20080806674,1,2007,-0.0
EP20080840483,1,2007,-0.0
EP20030810527,1,2002,1.0986122886681096
EP20060758074,1,2005,1.6094379124341005
EP20080849494,1,2007,1.3862943611198906
EP19990946377,1,1998,2.833213344056216
EP20070826821,1,2007,-0.0
EP20070848400,1,2006,-0.0
EP20080839560,1,2007,-0.0
EP20070766206,1,2006,-0.0
EP20090756353,1,2008,-0.0
EP20080806761,1,2007,-0.0
EP20020743450,1,2001,-0.0
EP19970947792,1,1996,-0.0
EP20100795750,1,2009,-0.0
EP20100787166,1,2009,-0.0
EP20100782603,1,2009,-0.0
EP20030748292,1,2002,-0.0
EP20110770480,1,2010,-0.0
EP20110804968,1,2010,1.0986122886681096
EP20100857768,1,2010,-0.0
EP20050748367,1,2004,-0.0
EP20110773127,1,2010,-0.0
EP20050820974,1,2004,-0.0
EP20110796769,1,2010,-0.0
EP20110776496,1,2010,-0.0
EP20120780270,1,2011,-0.0
EP20060779902,1,2005,-0.0
EP20110791249,1,2010,1.6094379124341005
EP19940923020,1,1993,-0.0
EP20120773352,1,2011,-0.0
EP20110801804,1,2010,-0.0
EP20120778739,1,2011,-0.0
EP20090768217,1,2008,-0.0
EP20090759691,1,2008,-0.0
EP20120788584,1,2011,-0.0
EP20140790564,1,2013,-0.0
EP20100784506,1,2010,-0.0
EP20100740696,1,2009,-0.0
EP20140781654,1,2013,-0.0
EP20130786718,1,2012,-0.0
EP20140799861,1,2013,-0.0
EP20130791857,1,2012,-0.0
EP20130733299,1,2013,-0.0
EP20150848932,1,2014,-0.0
EP20140746987,1,2013,-0.0
EP20130740355,1,2012,-0.0
EP20130789610,1,2012,-0.0
EP20150734640,1,2014,-0.0
EP20170717172,1,2016,-0.0
