reg_code_cited,Total_Citation_Count
GBZZZ,231
GY000,1
IM000,3
UKC11,5
UKC12,2
UKC13,3
UKC14,15
UKC21,7
UKC22,15
UKC23,8
UKD11,3
UKD12,22
UKD31,65
UKD32,31
UKD43,21
UKD61,32
UKD62,117
UKD63,44
UKD71,6
UKD72,1
UKD73,2
UKD74,113
UKE11,7
UKE12,20
UKE21,5
UKE22,24
UKE31,7
UKE32,7
UKE41,20
UKE42,23
UKE44,10
UKE45,2
UKF11,9
UKF12,7
UKF13,32
UKF14,17
UKF15,4
UKF16,87
UKF21,24
UKF22,77
UKF24,13
UKF25,26
UKF30,3
UKG11,3
UKG12,15
UKG13,17
UKG22,3
UKG23,4
UKG24,22
UKG31,8
UKG32,3
UKG33,5
UKG36,3
UKG37,1
UKG38,1
UKH12,115
UKH13,20
UKH14,26
UKH21,12
UKH23,438
UKH24,24
UKH25,7
UKH32,1
UKH33,285
UKI11,53
UKI12,103
UKI21,38
UKI22,74
UKI23,153
UKJ11,130
UKJ12,2
UKJ13,211
UKJ14,119
UKJ21,4
UKJ22,9
UKJ23,408
UKJ24,108
UKJ31,1
UKJ32,16
UKJ33,84
UKJ34,2
UKJ41,3
UKJ42,252
UKK11,17
UKK12,14
UKK13,26
UKK14,13
UKK15,48
UKK21,8
UKK22,15
UKK23,8
UKK30,9
UKK42,2
UKK43,15
UKL11,6
UKL12,2
UKL13,3
UKL14,3
UKL15,1
UKL16,4
UKL18,5
UKL21,3
UKL22,7
UKL23,16
UKM21,5
UKM22,5
UKM23,7
UKM24,3
UKM25,16
UKM27,4
UKM28,2
UKM31,7
UKM32,1
UKM33,1
UKM34,11
UKM35,3
UKM36,7
UKM37,1
UKM38,6
UKM50,20
UKM63,6
UKM66,1
UKN01,2
UKN02,7
UKN03,28
UKN04,2
UKN05,1
